links;pubDates;date;pageviews;cnt_ma30;Année;DayOfYear;pageviews_zscore
https://www.networking-morbihan.com/rentree-2011;Thu, 01 Sep 2011 16:08:23 +0000;2011-09-01;41;9.6;2011;244;0.4879420144916583
https://www.networking-morbihan.com/dompter-google;Fri, 30 Sep 2011 15:55:07 +0000;2011-09-30;176;33.36666666666667;2011;273;5.330385609370706
https://www.networking-morbihan.com/sondage;Thu, 06 Oct 2011 12:54:33 +0000;2011-10-06;169;42.666666666666664;2011;279;5.0792959414880885
https://www.networking-morbihan.com/la-machine-a-cafe-virtuelle-testee-par-networking-morbihan;Sat, 15 Oct 2011 13:22:08 +0000;2011-10-15;3;37.63333333333333;2011;288;-0.8751161825854071
https://www.networking-morbihan.com/comment-generer-des-contacts;Fri, 28 Oct 2011 14:39:41 +0000;2011-10-28;65;41.93333333333333;2011;301;1.3488208758034892
https://www.networking-morbihan.com/quai-des-reseaux;Wed, 09 Nov 2011 17:08:43 +0000;2011-11-09;27;29.733333333333334;2011;313;-0.014237321273576301
https://www.networking-morbihan.com/optimisation-fiscale-et-sociale-2;Sat, 19 Nov 2011 16:58:50 +0000;2011-11-19;40;31.766666666666666;2011;323;0.4520720619369987
https://www.networking-morbihan.com/management-en-temps-de-crise;Tue, 20 Dec 2011 08:22:18 +0000;2011-12-20;102;29.4;2011;354;2.676009120325895
https://www.networking-morbihan.com/reseau-professionnel;Wed, 25 Jan 2012 16:14:54 +0000;2012-01-25;50;25.766666666666666;2012;25;0.8107715874835949
https://www.networking-morbihan.com/visite-entreprise-henaff;Sat, 18 Feb 2012 10:22:34 +0000;2012-02-18;20;34.06666666666667;2012;49;-0.2653269891561936
https://www.networking-morbihan.com/savoir-se-presenter-de-maniere-attractive;Tue, 20 Mar 2012 16:14:03 +0000;2012-03-20;57;25.233333333333334;2012;80;1.0618612553662121
https://www.networking-morbihan.com/speed-dating-professionnel;Fri, 04 May 2012 10:04:54 +0000;2012-05-04;130;19.433333333333334;2012;125;3.680367791856364
https://www.networking-morbihan.com/reseau-d-ete-2012;Tue, 05 Jun 2012 07:43:43 +0000;2012-06-05;80;18.466666666666665;2012;157;1.8868701641233834
https://www.networking-morbihan.com/coworking-lorient;Sat, 01 Sep 2012 13:03:39 +0000;2012-09-01;112;14.0;2012;245;3.0347086458724912
https://www.networking-morbihan.com/atelier-techniques-vente;Tue, 02 Oct 2012 12:41:38 +0000;2012-10-02;115;53.1;2012;276;3.14231850353647
https://www.networking-morbihan.com/windows-8;Fri, 19 Oct 2012 14:57:06 +0000;2012-10-19;31;36.03333333333333;2012;293;0.12924248894506216
https://www.networking-morbihan.com/mind-mapping;Wed, 28 Nov 2012 16:23:01 +0000;2012-11-28;63;26.866666666666667;2012;333;1.27708097069417
https://www.networking-morbihan.com/intelligence-economique;Wed, 19 Dec 2012 09:57:22 +0000;2012-12-19;102;40.8;2012;354;2.676009120325895
https://www.networking-morbihan.com/securite-informatique;Sun, 20 Jan 2013 16:20:51 +0000;2013-01-20;18;33.733333333333334;2013;20;-0.33706689426551284
https://www.networking-morbihan.com/enquete-coworking;Tue, 19 Feb 2013 08:59:54 +0000;2013-02-19;192;36.2;2013;50;5.90430485024526
https://www.networking-morbihan.com/visite-la-belle-iloise;Sun, 24 Feb 2013 11:05:35 +0000;2013-02-24;61;35.166666666666664;2013;55;1.2053410655848507
https://www.networking-morbihan.com/crowdfunding-lorient;Fri, 22 Mar 2013 12:16:01 +0000;2013-03-22;45;34.53333333333333;2013;81;0.6314218247102968
https://www.networking-morbihan.com/grande-enquete-sur-lopportunite-dun-espace-coworking-sur-lorient;Tue, 26 Mar 2013 13:06:20 +0000;2013-03-26;64;36.53333333333333;2013;85;1.3129509232488294
https://www.networking-morbihan.com/reseaux-lorient;Tue, 16 Apr 2013 16:14:20 +0000;2013-04-16;36;35.733333333333334;2013;106;0.30859225171836024
https://www.networking-morbihan.com/premiers-resultats-de-lenquete-coworking-lorient;Thu, 18 Apr 2013 13:09:54 +0000;2013-04-18;86;40.833333333333336;2013;108;2.102089879451341
https://www.networking-morbihan.com/soiree-festive;Thu, 30 May 2013 12:47:12 +0000;2013-05-30;144;41.8;2013;150;4.182547127621599
https://www.networking-morbihan.com/une-incitation-gouvernementale-pour-developper-le-coworking-et-le-crowdfunding;Fri, 28 Jun 2013 13:18:38 +0000;2013-06-28;11;40.86666666666667;2013;179;-0.5881565621481302
https://www.networking-morbihan.com/consommation-collaborative-entreprise;Tue, 20 Aug 2013 13:21:17 +0000;2013-08-20;13;10.233333333333333;2013;232;-0.5164166570388109
https://www.networking-morbihan.com/networking-morbihan-au-forum-de-la-creation-dentreprise-le-26-septembre-2013-2;Mon, 16 Sep 2013 08:49:02 +0000;2013-09-16;67;38.766666666666666;2013;259;1.4205607809128082
https://www.networking-morbihan.com/atelier-communication;Sat, 21 Sep 2013 15:59:53 +0000;2013-09-21;41;43.733333333333334;2013;264;0.4879420144916583
https://www.networking-morbihan.com/networking-morbihan-sera-au-quai-des-reseaux-2013;Mon, 21 Oct 2013 09:43:51 +0000;2013-10-21;12;39.9;2013;294;-0.5522866095934705
https://www.networking-morbihan.com/atelier-creativite;Mon, 28 Oct 2013 16:23:07 +0000;2013-10-28;70;34.166666666666664;2013;301;1.5281706385767873
https://www.networking-morbihan.com/un-espace-de-travail-mutualise-a-ploemeur-au-sein-de-la-pepiniere-dentreprises;Fri, 22 Nov 2013 13:26:30 +0000;2013-11-22;34;44.36666666666667;2013;326;0.236852346609041
https://www.networking-morbihan.com/mediation-entreprise;Mon, 25 Nov 2013 16:51:01 +0000;2013-11-25;62;45.333333333333336;2013;329;1.2412110181395102
https://www.networking-morbihan.com/outils-communication;Thu, 02 Jan 2014 09:43:12 +0000;2014-01-02;28;19.1;2014;2;0.021632631281083316
https://www.networking-morbihan.com/procrastination;Sun, 26 Jan 2014 16:56:52 +0000;2014-01-26;10;30.266666666666666;2014;26;-0.6240265147027898
https://www.networking-morbihan.com/visite-lancelot;Mon, 24 Feb 2014 16:10:32 +0000;2014-02-24;67;35.43333333333333;2014;55;1.4205607809128082
https://www.networking-morbihan.com/atelier-mind-mapping;Tue, 25 Mar 2014 09:28:25 +0000;2014-03-25;94;39.9;2014;84;2.389049499888618
https://www.networking-morbihan.com/association-elan-2;Thu, 27 Mar 2014 17:58:51 +0000;2014-03-27;125;40.63333333333333;2014;86;3.501018029083066
https://www.networking-morbihan.com/exporter-ce-qu-il-faut-savoir;Wed, 16 Apr 2014 12:52:45 +0000;2014-04-16;49;63.03333333333333;2014;106;0.7749016349289353
https://www.networking-morbihan.com/soiree-festive-2014;Thu, 29 May 2014 14:08:02 +0000;2014-05-29;36;37.233333333333334;2014;149;0.30859225171836024
https://www.networking-morbihan.com/business-internet;Tue, 02 Sep 2014 08:18:53 +0000;2014-09-02;67;13.466666666666667;2014;245;1.4205607809128082
https://www.networking-morbihan.com/forum-de-la-creation-dentreprise-2;Tue, 30 Sep 2014 13:02:30 +0000;2014-09-30;61;40.2;2014;273;1.2053410655848507
https://www.networking-morbihan.com/retraite-pour-les-nuls;Thu, 02 Oct 2014 15:15:48 +0000;2014-10-02;38;38.7;2014;275;0.38033215682767946
https://www.networking-morbihan.com/networking-morbihan-sera-au-quai-des-reseaux-2014;Mon, 13 Oct 2014 16:42:28 +0000;2014-10-13;48;42.333333333333336;2014;286;0.7390316823742756
https://www.networking-morbihan.com/modifier-sa-relation-a-l-autre-2;Tue, 21 Oct 2014 15:46:56 +0000;2014-10-21;53;49.13333333333333;2014;294;0.9183814451475737
https://www.networking-morbihan.com/1er-speed-conseil-networking-morbihan-le-27-novembre-2014;Tue, 04 Nov 2014 12:23:53 +0000;2014-11-04;74;58.8;2014;308;1.6716504487954256
https://www.networking-morbihan.com/lean-management;Tue, 18 Nov 2014 14:09:03 +0000;2014-11-18;128;58.333333333333336;2014;322;3.608627886747045
https://www.networking-morbihan.com/forum-ubs-des-entreprises-2014;Thu, 20 Nov 2014 20:13:48 +0000;2014-11-20;181;64.0;2014;324;5.509735372144004
https://www.networking-morbihan.com/orthographe;Thu, 11 Dec 2014 09:59:04 +0000;2014-12-11;29;63.6;2014;345;0.05750258383574293
https://www.networking-morbihan.com/reseaux-sociaux-professionnels;Thu, 22 Jan 2015 14:35:03 +0000;2015-01-22;57;27.366666666666667;2015;22;1.0618612553662121
https://www.networking-morbihan.com/nouveau-speed-conseil-networking-morbihan-a-vannes-le-jeudi-26-fevrier;Wed, 28 Jan 2015 09:54:23 +0000;2015-01-28;150;37.333333333333336;2015;28;4.397766842949556
https://www.networking-morbihan.com/loycie;Wed, 25 Feb 2015 12:05:34 +0000;2015-02-25;120;49.3;2015;56;3.321668266309768
https://www.networking-morbihan.com/passer-de-vendre-a-vendre-plus-cher;Mon, 23 Mar 2015 16:25:46 +0000;2015-03-23;40;37.1;2015;82;0.4520720619369987
https://www.networking-morbihan.com/speed-conseil-networking-morbihan-a-ploermel-le-jeudi-23-avril;Tue, 24 Mar 2015 09:57:29 +0000;2015-03-24;87;39.233333333333334;2015;83;2.1379598320060005
https://www.networking-morbihan.com/pnl;Thu, 16 Apr 2015 07:42:33 +0000;2015-04-16;43;44.13333333333333;2015;106;0.5596819196009776
https://www.networking-morbihan.com/soiree-festive-2015;Wed, 27 May 2015 06:36:51 +0000;2015-05-27;98;26.533333333333335;2015;147;2.5325293101072566
https://www.networking-morbihan.com/rediger-un-courriel-efficace;Tue, 25 Aug 2015 08:42:59 +0000;2015-08-25;125;13.733333333333333;2015;237;3.501018029083066
https://www.networking-morbihan.com/speed-conseil-networking-morbihan-a-pontivy-le-jeudi-1er-octobre;Tue, 08 Sep 2015 08:28:47 +0000;2015-09-08;84;26.433333333333334;2015;251;2.030349974342022
https://www.networking-morbihan.com/bien-choisir-son-statut-juridique-fiscal-et-social;Mon, 28 Sep 2015 12:11:28 +0000;2015-09-28;50;32.3;2015;271;0.8107715874835949
https://www.networking-morbihan.com/speed-conseil-networking-morbihan-a-lorient-le-jeudi-29-octobre;Fri, 09 Oct 2015 11:19:12 +0000;2015-10-09;62;33.666666666666664;2015;282;1.2412110181395102
https://www.networking-morbihan.com/venez-tester-les-echanges-non-monetaires-entre-entreprises;Tue, 20 Oct 2015 09:11:59 +0000;2015-10-20;111;40.56666666666667;2015;293;2.9988386933178313
https://www.networking-morbihan.com/la-protection-sociale-comment-passer-une-vie-sereine;Tue, 17 Nov 2015 09:59:11 +0000;2015-11-17;37;43.266666666666666;2015;321;0.3444622042730199
https://www.networking-morbihan.com/nouveau-speed-conseil-networking-morbihan-a-vannes-le-mardi-19-janvier-2016;Tue, 01 Dec 2015 09:45:29 +0000;2015-12-01;83;44.03333333333333;2015;335;1.9944800217873622
https://www.networking-morbihan.com/impayes-comment-les-eviter-ou-mieux-y-faire-face;Mon, 04 Jan 2016 07:32:20 +0000;2016-01-04;79;22.4;2016;4;1.8510002115687236
https://www.networking-morbihan.com/soiree-surprise-networking-morbihan;Thu, 21 Jan 2016 10:03:47 +0000;2016-01-21;41;25.7;2016;21;0.4879420144916583
https://www.networking-morbihan.com/6eme-matinale-speed-conseil-pour-les-entreprises-lorient-le-mardi-22-mars-2016;Fri, 12 Feb 2016 10:32:37 +0000;2016-02-12;42;36.36666666666667;2016;43;0.5238119670463179
https://www.networking-morbihan.com/visite-du-plateau-compositic-a-ploemeur;Mon, 22 Feb 2016 11:11:59 +0000;2016-02-22;38;35.833333333333336;2016;53;0.38033215682767946
https://www.networking-morbihan.com/un-franc-succes;Wed, 30 Mar 2016 11:22:20 +0000;2016-03-30;27;35.2;2016;90;-0.014237321273576301
https://www.networking-morbihan.com/pour-une-entreprise-ou-il-fait-bon-vivre;Thu, 31 Mar 2016 09:28:20 +0000;2016-03-31;76;35.13333333333333;2016;91;1.7433903539047448
https://www.networking-morbihan.com/chouchoutez-vos-clients;Mon, 25 Apr 2016 21:48:14 +0000;2016-04-25;37;31.133333333333333;2016;116;0.3444622042730199
https://www.networking-morbihan.com/ag-festive-2016;Mon, 30 May 2016 06:54:48 +0000;2016-05-30;15;25.366666666666667;2016;151;-0.4446767519294917
https://www.networking-morbihan.com/portrait-francois-trinel-speed-meeting-de-rentree-2;Sun, 28 Aug 2016 18:45:41 +0000;2016-08-28;8;9.833333333333334;2016;241;-0.695766419812109
https://www.networking-morbihan.com/vous-voulez-reseauter-a-lorient-nw56-what-else;Sun, 28 Aug 2016 21:23:01 +0000;2016-08-28;8;9.833333333333334;2016;241;-0.695766419812109
https://www.networking-morbihan.com/syleps;Tue, 27 Sep 2016 16:12:18 +0000;2016-09-27;54;35.86666666666667;2016;271;0.9542513977022333
https://www.networking-morbihan.com/twitter-entreprise;Tue, 25 Oct 2016 10:47:40 +0000;2016-10-25;52;24.366666666666667;2016;299;0.8825114925929141
https://www.networking-morbihan.com/rencontre-ensibs;Mon, 28 Nov 2016 09:57:47 +0000;2016-11-28;24;20.0;2016;333;-0.12184717893755515
https://www.networking-morbihan.com/vous-avez-du-talent-2017;Thu, 29 Dec 2016 10:59:03 +0000;2016-12-29;24;15.266666666666667;2016;364;-0.12184717893755515
https://www.networking-morbihan.com/lamour-au-bureau-2;Thu, 19 Jan 2017 10:32:50 +0000;2017-01-19;12;24.466666666666665;2017;19;-0.5522866095934705
https://www.networking-morbihan.com/tenue-correcte-exigee;Tue, 21 Mar 2017 09:48:28 +0000;2017-03-21;33;24.933333333333334;2017;80;0.2009823940543814
https://www.networking-morbihan.com/du-nouveau-dans-la-relation-employeur-salarie;Tue, 25 Apr 2017 12:32:24 +0000;2017-04-25;28;22.7;2017;115;0.021632631281083316
https://www.networking-morbihan.com/ag-festive-a-la-base;Fri, 02 Jun 2017 10:57:48 +0000;2017-06-02;25;11.333333333333334;2017;153;-0.08597722638289554
https://www.networking-morbihan.com/bonne-rentree;Sun, 03 Sep 2017 15:27:06 +0000;2017-09-03;8;4.233333333333333;2017;246;-0.695766419812109
https://www.networking-morbihan.com/networking-fait-sa-rentree-au-cafe-dubail;Mon, 18 Sep 2017 20:47:37 +0000;2017-09-18;45;18.833333333333332;2017;261;0.6314218247102968
https://www.networking-morbihan.com/visite-entreprise-lalie-design;Wed, 27 Sep 2017 09:56:48 +0000;2017-09-27;50;24.933333333333334;2017;270;0.8107715874835949
https://www.networking-morbihan.com/nw56-connectin-lorient-14-novembre;Wed, 25 Oct 2017 10:19:41 +0000;2017-10-25;5;20.866666666666667;2017;298;-0.8033762774760879
https://www.networking-morbihan.com/lancement-plateforme-networking-evenements;Thu, 16 Nov 2017 09:49:23 +0000;2017-11-16;9;11.1;2017;320;-0.6598964672574494
https://www.networking-morbihan.com/je-cree-mon-evenement;Sun, 03 Dec 2017 15:23:16 +0000;2017-12-03;4;14.566666666666666;2017;337;-0.8392462300307475
https://www.networking-morbihan.com/bosse-colors-lorient;Tue, 03 Apr 2018 08:23:10 +0000;2018-04-03;15;6.666666666666667;2018;93;-0.4446767519294917
https://www.networking-morbihan.com/visite-naval-group-lorient-12-juin-2018;Fri, 04 May 2018 13:26:23 +0000;2018-05-04;12;10.8;2018;124;-0.5522866095934705
https://www.networking-morbihan.com/portraits-croises;Mon, 27 Aug 2018 10:43:27 +0000;2018-08-27;15;4.766666666666667;2018;239;-0.4446767519294917
https://www.networking-morbihan.com/networking-morbihan-en-mode-projet-le-9-octobre;Sat, 22 Sep 2018 16:29:11 +0000;2018-09-22;23;15.0;2018;265;-0.15771713149221475
https://www.networking-morbihan.com/visite-atelier-turrini-pont-scorff;Thu, 18 Oct 2018 14:10:01 +0000;2018-10-18;17;16.1;2018;291;-0.3729368468201725
https://www.networking-morbihan.com/soiree-cadeau;Wed, 28 Nov 2018 09:29:44 +0000;2018-11-28;41;13.5;2018;332;0.4879420144916583
https://www.networking-morbihan.com/enneagramme-bonnes-relations-2019;Mon, 24 Dec 2018 15:42:08 +0000;2018-12-24;8;14.166666666666666;2018;358;-0.695766419812109
